IdDoc;UltimoCorrelativo
8;3
12;2
17;20
71;19
76;26
77;2
80;4
84;2
110;7
111;3
126;2
128;4
131;4
151;4
153;5
176;35
178;86
180;17
181;2
201;5
202;11
203;14
204;15
206;4
333;2
362;7
363;6
365;9
368;2
392;5
394;8
395;29
396;2
549;4
551;45
553;8
569;5
578;4
581;45
584;8
599;5
634;3
636;23
637;3
787;3
789;7
790;2
791;7
794;3
800;2
812;8
814;90
815;6
816;33
819;16
909;4
911;33
913;55
936;5
938;12
961;52
964;109
987;4
1135;8
1173;4
1687;24
1689;86
1690;4
1692;3
1715;2
1717;11
1718;2
1720;3
1772;2
1998;7
2000;2
2008;2
2025;3
2083;20
2139;65
2140;29
2141;6
2149;2
2168;7
2193;2
2195;12
2197;3
2198;2
2251;4
2254;14
2255;342
2257;4
2263;3
2269;346
2278;1002
2279;3
2280;21
2281;2
2296;2
2328;5
2330;8
2331;4
2389;2
2399;426
2400;2
2401;579
2402;40
2403;13
2404;4
2405;10
2407;3
2409;39
2416;3
2424;31
2426;230
2427;11
2428;2
2429;2
2434;10
2442;2
2443;2
2445;2
2446;2
2447;2
2449;2
2451;11
2452;3
2499;28
2501;153
2502;14
2503;3
2504;16
2509;3
2624;12
2625;8
2626;11
2627;2
2628;3
